#ctg	length	repeat_bundle_count	repeat_bundle_sum	repeat_bundle_percentage	repeat_bundle_mean	repeat_bundle_min	repeat_bundle_max	non_repeat_bundle_count	non_repeat_bundle_sum	non_repeat_bundle_percentage	non_repeat_bundle_mean	non_repeat_bundle_min	non_repeat_bundle_max	total_bundle_count	total_bundle_coverage_percentage
JBHDWP010000059.1:7121601-9428037	2306437	9	498498	21.613337	55388.668	16558	130637	10	1406602	60.985924	140660.2	10618	414449	19	82.599266
chr19_hap2_hsa17:20906827-19039702	1867126	0	0	0	NA	NA	NA	9	1281773	68.64951	142419.22	23037	350417	9	68.64951
chr19_hap2_hsa17:74689985-76308916	1618932	0	0	0	NA	NA	NA	2	331276	20.462626	165638	86546	244730	2	20.462626
chr19_hap2_hsa17:77831330-79343723	1512394	0	0	0	NA	NA	NA	2	332609	21.992218	166304.5	86520	246089	2	21.992218
chr19_mat_hsa17:21731859-19861204	1870656	0	0	0	NA	NA	NA	8	1200303	64.16482	150037.88	59114	368370	8	64.16482
h2tg000018l:141590580-143626663	2036084	6	392251	19.26497	65375.168	13547	158999	7	819037	40.22609	117005.29	13573	348950	13	59.491062
h2tg000020l:9168331-7414106	1754226	0	0	0	NA	NA	NA	9	1215363	69.28201	135040.33	10181	336134	9	69.28201
haplotype2-0000103:38469201-36162765	2306437	14	685692	29.729492	48978	10743	142923	8	1116338	48.400974	139542.25	11207	398425	22	78.13047
